PartitionKey,RowKey,Type,Type@type,Link,Link@type
EasterEgg,1,Fail,String,https://www.instagram.com/airplaneearedshiba/reel/DHUiWPTTHwJ/,String
EasterEgg,2,Fail,String,https://www.instagram.com/airplaneearedshiba/reel/DHTivmgzdwK/,String
EasterEgg,3,Fail,String,https://www.instagram.com/airplaneearedshiba/reel/DHOQaiDzash/,String
EasterEgg,4,Fail,String,https://www.instagram.com/airplaneearedshiba/reel/DHNI5dtzu_p/,String
EasterEgg,5,Fail,String,https://www.instagram.com/airplaneearedshiba/reel/DHIOBPpzYOu/,String
EasterEgg,6,Fail,String,https://www.instagram.com/airplaneearedshiba/reel/DHHkWc9zx9y/,String
EasterEgg,7,Fail,String,https://www.instagram.com/airplaneearedshiba/reel/DHGGDHOTvlZ/,String
EasterEgg,8,Fail,String,https://www.instagram.com/airplaneearedshiba/reel/DG-eogHzEiW/,String
EasterEgg,9,Fail,String,https://www.instagram.com/airplaneearedshiba/reel/DG-eKywzA2X/,String
EasterEgg,10,Fail,String,https://www.instagram.com/airplaneearedshiba/reel/DG92GchT-MG/,String
EasterEgg,11,Fail,String,https://www.instagram.com/airplaneearedshiba/reel/DG90g0LTute/,String
EasterEgg,12,Fail,String,https://www.instagram.com/airplaneearedshiba/reel/DG8HvUeT-PG/,String
EasterEgg,13,Fail,String,https://www.instagram.com/airplaneearedshiba/reel/DGzBCqKTtxq/,String
EasterEgg,14,Fail,String,https://www.instagram.com/airplaneearedshiba/reel/DGxb-jITr--/,String
EasterEgg,15,Fail,String,https://www.instagram.com/airplaneearedshiba/reel/DGvEW0Jz2NQ/,String
EasterEgg,16,Fail,String,https://www.instagram.com/airplaneearedshiba/reel/DGuw26yz9vk/,String
EasterEgg,17,Fail,String,https://www.instagram.com/airplaneearedshiba/reel/DGrqCrgzTeM/,String
EasterEgg,18,Fail,String,https://www.instagram.com/airplaneearedshiba/reel/DGrS759zc4A/,String
EasterEgg,19,Fail,String,https://www.instagram.com/airplaneearedshiba/reel/DGprrNQzsPY/,String
EasterEgg,20,Fail,String,https://www.instagram.com/airplaneearedshiba/reel/DGmLOaYz8dv/,String
EasterEgg,21,Fail,String,https://www.instagram.com/airplaneearedshiba/reel/DGim7YgTHll/,String
EasterEgg,22,Fail,String,https://www.instagram.com/airplaneearedshiba/reel/DGdGEVUTBRB/,String
EasterEgg,23,Fail,String,https://www.instagram.com/airplaneearedshiba/reel/DGc3zQXThOT/,String
EasterEgg,24,Fail,String,https://www.instagram.com/airplaneearedshiba/reel/DGPhhDEzMPQ/,String
EasterEgg,25,Fail,String,https://www.instagram.com/airplaneearedshiba/reel/DGNK5Q-T7c3/,String
EasterEgg,26,Fail,String,https://www.instagram.com/airplaneearedshiba/reel/DGKbxJyTT4f/,String
EasterEgg,27,Fail,String,https://www.instagram.com/airplaneearedshiba/reel/DGKQIbcTRjT/,String
EasterEgg,28,Fail,String,https://www.instagram.com/airplaneearedshiba/reel/DGKN5W_zvDG/,String
EasterEgg,29,Fail,String,https://www.instagram.com/airplaneearedshiba/reel/DGIYEbsziY0/,String
EasterEgg,30,Fail,String,https://www.instagram.com/airplaneearedshiba/reel/DF-SOeXzQ44/,String
EasterEgg,31,Fail,String,https://www.instagram.com/airplaneearedshiba/reel/DF9w1Mnz2hU/,String
EasterEgg,32,Fail,String,https://www.instagram.com/airplaneearedshiba/reel/DF6XPO4zwwS/,String
EasterEgg,33,Fail,String,https://www.instagram.com/airplaneearedshiba/reel/DFxOuX5TCEA/,String
EasterEgg,34,Fail,String,https://www.instagram.com/airplaneearedshiba/reel/DFundGkz0tQ/,String
EasterEgg,35,Fail,String,https://www.instagram.com/airplaneearedshiba/reel/DFsa_sBzYeW/,String
EasterEgg,36,Fail,String,https://www.instagram.com/airplaneearedshiba/reel/DFrn3OMTZqY/,String
EasterEgg,37,Fail,String,https://www.instagram.com/airplaneearedshiba/reel/DFkW7AUzoqA/,String
EasterEgg,38,Fail,String,https://www.instagram.com/airplaneearedshiba/reel/DFhTaf0TIAw/,String
EasterEgg,39,Fail,String,https://www.instagram.com/airplaneearedshiba/reel/DFZuvbjzj6Z/,String
EasterEgg,40,Fail,String,https://www.instagram.com/airplaneearedshiba/reel/DFX1SN5TuZ2/,String
EasterEgg,41,Fail,String,https://www.instagram.com/airplaneearedshiba/reel/DFWu-UfzfWw/,String
EasterEgg,42,Fail,String,https://www.instagram.com/airplaneearedshiba/reel/DFQN8W5T-s6/,String
EasterEgg,43,Fail,String,https://www.instagram.com/airplaneearedshiba/reel/DFQNjElT2ki/,String
EasterEgg,44,Fail,String,https://www.instagram.com/airplaneearedshiba/reel/DFQNNo7T-uA/,String
EasterEgg,45,Fail,String,https://www.instagram.com/airplaneearedshiba/reel/DFOvafqTAzF/,String
EasterEgg,46,Fail,String,https://www.instagram.com/airplaneearedshiba/reel/DFKp07tzgdP/,String
EasterEgg,47,Fail,String,https://www.instagram.com/airplaneearedshiba/reel/DFDaSYmzSiQ/,String
EasterEgg,48,Fail,String,https://www.instagram.com/airplaneearedshiba/reel/DFC7V1Sz78p/,String
EasterEgg,49,Fail,String,https://www.instagram.com/airplaneearedshiba/reel/DFAnVPpTc85/,String
EasterEgg,50,Fail,String,https://www.instagram.com/airplaneearedshiba/reel/DFAnFpWTHKA/,String
EasterEgg,51,Fail,String,https://www.instagram.com/airplaneearedshiba/reel/DE49Bemz4fY/,String
EasterEgg,52,Fail,String,https://www.instagram.com/airplaneearedshiba/reel/DE4wQbDzKcU/,String
EasterEgg,53,Fail,String,https://www.instagram.com/airplaneearedshiba/reel/DE3dVm3TQ6v/,String
EasterEgg,54,Fail,String,https://www.instagram.com/airplaneearedshiba/reel/DE3csniTle_/,String
EasterEgg,55,Fail,String,https://www.instagram.com/airplaneearedshiba/reel/DE146UHThf7/,String
EasterEgg,56,Fail,String,https://www.instagram.com/airplaneearedshiba/reel/DEvws5_TT0O/,String
EasterEgg,57,Fail,String,https://www.instagram.com/airplaneearedshiba/reel/DEuQ539zbqU/,String
EasterEgg,58,Fail,String,https://www.instagram.com/airplaneearedshiba/reel/DEpTHxWTK_W/,String
EasterEgg,59,Fail,String,https://www.instagram.com/airplaneearedshiba/reel/DEpSx1BT3MN/,String
EasterEgg,60,Fail,String,https://www.instagram.com/airplaneearedshiba/reel/DEe6dzUzdld/,String
EasterEgg,61,Fail,String,https://www.instagram.com/airplaneearedshiba/reel/DEco_tnTaQa/,String
EasterEgg,62,Fail,String,https://www.instagram.com/airplaneearedshiba/reel/DEZ73JYTh9R/,String
EasterEgg,63,Fail,String,https://www.instagram.com/airplaneearedshiba/reel/DEU3DhOT7sk/,String
EasterEgg,64,Fail,String,https://www.instagram.com/airplaneearedshiba/reel/DEUGjPyz6xB/,String
EasterEgg,65,Fail,String,https://www.instagram.com/airplaneearedshiba/reel/DESKy-eTle3/,String
EasterEgg,66,Fail,String,https://www.instagram.com/airplaneearedshiba/reel/DERRkc2T52b/,String
EasterEgg,67,Fail,String,https://www.instagram.com/airplaneearedshiba/reel/DENR3PLTqyO/,String
EasterEgg,68,Fail,String,https://www.instagram.com/airplaneearedshiba/reel/DEM49yBzKap/,String
EasterEgg,69,Fail,String,https://www.instagram.com/airplaneearedshiba/reel/DEM1Bz3TcDP/,String
EasterEgg,70,Fail,String,https://www.instagram.com/airplaneearedshiba/reel/DEII-7RTqi-/,String
EasterEgg,71,Fail,String,https://www.instagram.com/airplaneearedshiba/reel/DEHvIHeTppT/,String
EasterEgg,72,Fail,String,https://www.instagram.com/airplaneearedshiba/reel/DEHAQElTcaG/,String
EasterEgg,73,Fail,String,https://www.instagram.com/airplaneearedshiba/reel/DEG_-Njzagc/,String
EasterEgg,74,Fail,String,https://www.instagram.com/airplaneearedshiba/reel/DD542fFz3hg/,String
EasterEgg,75,Fail,String,https://www.instagram.com/airplaneearedshiba/reel/DDpJC0xzwQx/,String
EasterEgg,76,Fail,String,https://www.instagram.com/airplaneearedshiba/reel/DDgOIMcz8-v/,String
EasterEgg,77,Fail,String,https://www.instagram.com/airplaneearedshiba/reel/DDcFPg_TTmm/,String
EasterEgg,78,Fail,String,https://www.instagram.com/airplaneearedshiba/reel/DDcE0T0zedk/,String
EasterEgg,79,Fail,String,https://www.instagram.com/airplaneearedshiba/reel/DDXGz-gvGnB/,String
EasterEgg,80,Fail,String,https://www.instagram.com/airplaneearedshiba/reel/DDSnMOdT8at/,String
EasterEgg,81,Fail,String,https://www.instagram.com/airplaneearedshiba/reel/DDPjw3-vMpG/,String
EasterEgg,82,Fail,String,https://www.instagram.com/airplaneearedshiba/reel/DDO-7tJJ_KG/,String
EasterEgg,83,Fail,String,https://www.instagram.com/airplaneearedshiba/reel/DDMs80AJGXB/,String
EasterEgg,84,Fail,String,https://www.instagram.com/airplaneearedshiba/reel/DDK-XO-vOrF/,String
EasterEgg,85,Fail,String,https://www.instagram.com/airplaneearedshiba/reel/DDClusEpp3a/,String
EasterEgg,86,Fail,String,https://www.instagram.com/airplaneearedshiba/reel/DDBggCNTAKf/,String
EasterEgg,87,Fail,String,https://www.instagram.com/airplaneearedshiba/reel/DC8wmyYTgBM/,String
EasterEgg,88,Fail,String,https://www.instagram.com/airplaneearedshiba/reel/DC6uxM1zxCS/,String
EasterEgg,89,Fail,String,https://www.instagram.com/airplaneearedshiba/reel/DCxd-HcTZpA/,String
EasterEgg,90,Fail,String,https://www.instagram.com/airplaneearedshiba/reel/DCuAOlETX5V/,String
EasterEgg,91,Fail,String,https://www.instagram.com/airplaneearedshiba/reel/DCt-Uadzuo1/,String
EasterEgg,92,Fail,String,https://www.instagram.com/airplaneearedshiba/reel/DCtuZcDz_DO/,String
EasterEgg,93,Fail,String,https://www.instagram.com/airplaneearedshiba/reel/DCrgVXEz_OQ/,String
EasterEgg,94,Fail,String,https://www.instagram.com/airplaneearedshiba/reel/DCrPtptTNSq/,String
EasterEgg,95,Fail,String,https://www.instagram.com/airplaneearedshiba/reel/DCmQc3ApGVj/,String
EasterEgg,96,Fail,String,https://www.instagram.com/airplaneearedshiba/reel/DCaqWRrzFeS/,String
EasterEgg,97,Fail,String,https://www.instagram.com/airplaneearedshiba/reel/DCapQIHze6z/,String
EasterEgg,98,Fail,String,https://www.instagram.com/airplaneearedshiba/reel/DCZf_GGtY3A/,String
EasterEgg,99,Fail,String,https://www.instagram.com/airplaneearedshiba/reel/DCUCb3yRUhU/,String
EasterEgg,100,Fail,String,https://www.instagram.com/airplaneearedshiba/reel/DCRj4zCsQDT/,String
EasterEgg,101,Fail,String,https://www.instagram.com/airplaneearedshiba/reel/DCRjX4fyTJQ/,String
EasterEgg,102,Fail,String,https://www.instagram.com/airplaneearedshiba/reel/DCRZIRQtC9h/,String
EasterEgg,103,Fail,String,https://www.instagram.com/airplaneearedshiba/reel/DCOBbY0u85V/,String
EasterEgg,104,Fail,String,https://www.instagram.com/airplaneearedshiba/reel/DCNj3CBvZj4/,String
EasterEgg,105,Fail,String,https://www.instagram.com/airplaneearedshiba/reel/DCL4ycdgCC4/,String
EasterEgg,106,Fail,String,https://www.instagram.com/airplaneearedshiba/reel/DCIQdDfvz7w/,String
EasterEgg,107,Fail,String,https://www.instagram.com/airplaneearedshiba/reel/DCIQH-CSBzZ/,String
EasterEgg,108,Fail,String,https://www.instagram.com/airplaneearedshiba/reel/DCEj4EppafV/,String
EasterEgg,109,Fail,String,https://www.instagram.com/airplaneearedshiba/reel/DCBt_PDvvGp/,String
EasterEgg,110,Fail,String,https://www.instagram.com/airplaneearedshiba/reel/DB820jCPwqc/,String
EasterEgg,111,Fail,String,https://www.instagram.com/airplaneearedshiba/reel/DB6JkzUhyMn/,String
EasterEgg,112,Fail,String,https://www.instagram.com/airplaneearedshiba/reel/DB5OY0qv9IW/,String
EasterEgg,113,Fail,String,https://www.instagram.com/airplaneearedshiba/reel/DB0t4rPs_yf/,String
EasterEgg,114,Fail,String,https://www.instagram.com/airplaneearedshiba/reel/DBy22UEuZui/,String
EasterEgg,115,Fail,String,https://www.instagram.com/airplaneearedshiba/reel/DByiOG7u6EK/,String
EasterEgg,116,Fail,String,https://www.instagram.com/airplaneearedshiba/reel/DBxfqWUvcy7/,String
EasterEgg,117,Fail,String,https://www.instagram.com/airplaneearedshiba/reel/DBxOjslyke8/,String
EasterEgg,118,Fail,String,https://www.instagram.com/airplaneearedshiba/reel/DBv-NUAx2cs/,String
EasterEgg,119,Fail,String,https://www.instagram.com/airplaneearedshiba/reel/DBvhTmnyKcg/,String
EasterEgg,120,Fail,String,https://www.instagram.com/airplaneearedshiba/reel/DBvgsR4u5z-/,String
EasterEgg,121,Fail,String,https://www.instagram.com/airplaneearedshiba/reel/DBtIK5DyOda/,String
EasterEgg,122,Fail,String,https://www.instagram.com/airplaneearedshiba/reel/DBoZNSBpp4g/,String
EasterEgg,123,Fail,String,https://www.instagram.com/airplaneearedshiba/reel/DBnblOut8P5/,String
EasterEgg,124,Fail,String,https://www.instagram.com/airplaneearedshiba/reel/DBlchRmSZro/,String
EasterEgg,125,Fail,String,https://www.instagram.com/airplaneearedshiba/reel/DBkqgyYyxfY/,String
EasterEgg,126,Fail,String,https://www.instagram.com/airplaneearedshiba/reel/DBizYhds-ib/,String
EasterEgg,127,Fail,String,https://www.instagram.com/airplaneearedshiba/reel/DBgqfuvt3qz/,String
EasterEgg,128,Fail,String,https://www.instagram.com/airplaneearedshiba/reel/DBbKSkbhw5M/,String
EasterEgg,129,Fail,String,https://www.instagram.com/airplaneearedshiba/reel/DBa-5qYxirc/,String
EasterEgg,130,Fail,String,https://www.instagram.com/airplaneearedshiba/reel/DBY8ErvvWD6/,String
EasterEgg,131,Fail,String,https://www.instagram.com/airplaneearedshiba/reel/DBXp4bFP_bN/,String
EasterEgg,132,Fail,String,https://www.instagram.com/airplaneearedshiba/reel/DBSozNeSYA2/,String
EasterEgg,133,Fail,String,https://www.instagram.com/airplaneearedshiba/reel/DBSoeKyvFrZ/,String
EasterEgg,134,Fail,String,https://www.instagram.com/airplaneearedshiba/reel/DBOmSYGs6ty/,String
EasterEgg,135,Fail,String,https://www.instagram.com/airplaneearedshiba/reel/DBIochsSZAG/,String
EasterEgg,136,Fail,String,https://www.instagram.com/airplaneearedshiba/reel/DBG4EieyZmm/,String
EasterEgg,137,Fail,String,https://www.instagram.com/airplaneearedshiba/reel/DBG34N3yAlx/,String
EasterEgg,138,Fail,String,https://www.instagram.com/airplaneearedshiba/reel/DA4dEuSuzkI/,String
EasterEgg,139,Fail,String,https://www.instagram.com/airplaneearedshiba/reel/DA3GiGkpROI/,String
EasterEgg,140,Fail,String,https://www.instagram.com/airplaneearedshiba/reel/DAvDDh0RKNg/,String
EasterEgg,141,Pass,String,https://www.instagram.com/nnnnnnn_417/reel/DHQ7S7qS4Mh/,String
EasterEgg,142,Pass,String,https://www.instagram.com/nnnnnnn_417/reel/DHQU9DeyLwx/,String
EasterEgg,143,Pass,String,https://www.instagram.com/nnnnnnn_417/reel/DHQLmg6ys24/,String
EasterEgg,144,Pass,String,https://www.instagram.com/nnnnnnn_417/reel/DHOugyaSIVW/,String
EasterEgg,145,Pass,String,https://www.instagram.com/nnnnnnn_417/reel/DHOsqp4SiUg/,String
EasterEgg,146,Pass,String,https://www.instagram.com/nnnnnnn_417/reel/DHOrp8fyIHV/,String
EasterEgg,147,Pass,String,https://www.instagram.com/nnnnnnn_417/reel/DHOoRzHypih/,String
EasterEgg,148,Pass,String,https://www.instagram.com/nnnnnnn_417/reel/DHOm69nSAvj/,String
EasterEgg,149,Pass,String,https://www.instagram.com/nnnnnnn_417/reel/DGx_2JuSiIt/,String
EasterEgg,150,Pass,String,https://www.instagram.com/nnnnnnn_417/reel/DF4gEMmSxw1/,String
EasterEgg,151,Pass,String,https://www.instagram.com/nnnnnnn_417/reel/DF2Ri3wyL5X/,String
EasterEgg,152,Pass,String,https://www.instagram.com/nnnnnnn_417/reel/DEwwoGSyh2R/,String
EasterEgg,153,Pass,String,https://www.instagram.com/nnnnnnn_417/reel/DEuLNIlyJtA/,String
EasterEgg,154,Pass,String,https://www.instagram.com/nnnnnnn_417/reel/DEsmfuty5M4/,String
EasterEgg,155,Pass,String,https://www.instagram.com/nnnnnnn_417/reel/DEseZoGS_kJ/,String
EasterEgg,156,Pass,String,https://www.instagram.com/nnnnnnn_417/reel/DEsc6gXy9i5/,String
EasterEgg,157,Pass,String,https://www.instagram.com/nnnnnnn_417/reel/DEscBOPSJl7/,String
EasterEgg,158,Pass,String,https://www.instagram.com/nnnnnnn_417/reel/DEdR_y2zt1B/,String
EasterEgg,159,Pass,String,https://www.instagram.com/nnnnnnn_417/reel/DELEOsyy6DC/,String
EasterEgg,160,Pass,String,https://www.instagram.com/nnnnnnn_417/reel/DEKhYvsSzQw/,String
EasterEgg,161,Pass,String,https://www.instagram.com/nnnnnnn_417/reel/DEKED-kyT-o/,String
EasterEgg,162,Pass,String,https://www.instagram.com/nnnnnnn_417/reel/DEIj35ET53m/,String
EasterEgg,163,Pass,String,https://www.instagram.com/nnnnnnn_417/reel/DD7Cz5ZyEhw/,String
EasterEgg,164,Pass,String,https://www.instagram.com/nnnnnnn_417/reel/DD2TN0YSf3C/,String
EasterEgg,165,Pass,String,https://www.instagram.com/anime_sakuga/reel/DHOZ1a1oWWh/,String
EasterEgg,166,Pass,String,https://www.instagram.com/anime_sakuga/reel/DHJBrqOobzI/,String
EasterEgg,167,Pass,String,https://www.instagram.com/anime_sakuga/reel/DHGvzamoICj/,String
EasterEgg,168,Pass,String,https://www.instagram.com/anime_sakuga/reel/DHBkv8LIFIK/,String
EasterEgg,169,Pass,String,https://www.instagram.com/anime_sakuga/reel/DG5k7ieoubM/,String
EasterEgg,170,Pass,String,https://www.instagram.com/anime_sakuga/reel/DG3A9A3MlLM/,String
EasterEgg,171,Pass,String,https://www.instagram.com/anime_sakuga/reel/DG0ss5gIlm8/,String
EasterEgg,172,Pass,String,https://www.instagram.com/anime_sakuga/reel/DGqGLkSonxN/,String
EasterEgg,173,Pass,String,https://www.instagram.com/anime_sakuga/reel/DGn1At7ImuT/,String
EasterEgg,174,Pass,String,https://www.instagram.com/anime_sakuga/reel/DGlV-edI_2c/,String
EasterEgg,175,Pass,String,https://www.instagram.com/anime_sakuga/reel/DGirQRnIZvf/,String
EasterEgg,176,Pass,String,https://www.instagram.com/anime_sakuga/reel/DGV1r6pIWpv/,String
EasterEgg,177,Pass,String,https://www.instagram.com/anime_sakuga/reel/DGQqq8bISZE/,String
EasterEgg,178,Pass,String,https://www.instagram.com/anime_sakuga/reel/DGLh2_Boo38/,String
EasterEgg,179,Pass,String,https://www.instagram.com/anime_sakuga/reel/DGD6tmcIRML/,String
EasterEgg,180,Pass,String,https://www.instagram.com/anime_sakuga/reel/DF-oQ-coitq/,String
EasterEgg,181,Pass,String,https://www.instagram.com/anime_sakuga/reel/DF22KWfo0l6/,String
EasterEgg,182,Pass,String,https://www.instagram.com/anime_sakuga/reel/DFx64hCoXmQ/,String
EasterEgg,183,Pass,String,https://www.instagram.com/anime_sakuga/reel/DFsxSd9oofp/,String
EasterEgg,184,Pass,String,https://www.instagram.com/anime_sakuga/reel/DFnn1JDoHtb/,String
EasterEgg,185,Pass,String,https://www.instagram.com/anime_sakuga/reel/DFifisio7Ti/,String
EasterEgg,186,Pass,String,https://www.instagram.com/anime_sakuga/reel/DFf5ZJvIh2N/,String
EasterEgg,187,Pass,String,https://www.instagram.com/anime_sakuga/reel/DFaeNVWI0zg/,String
EasterEgg,188,Pass,String,https://www.instagram.com/anime_sakuga/reel/DFYGobHodrG/,String
EasterEgg,189,Pass,String,https://www.instagram.com/anime_sakuga/reel/DFVh7gnIWxN/,String
EasterEgg,190,Pass,String,https://www.instagram.com/anime_sakuga/reel/DFNtO9sInHe/,String
EasterEgg,191,Pass,String,https://www.instagram.com/anime_sakuga/reel/DFIR4Ifo-0X/,String
EasterEgg,192,Pass,String,https://www.instagram.com/anime_sakuga/reel/DFFuzSCoLIi/,String
EasterEgg,193,Pass,String,https://www.instagram.com/anime_sakuga/reel/DFAqm6OoicG/,String
EasterEgg,194,Pass,String,https://www.instagram.com/anime_sakuga/reel/DE7bKIzIwxT/,String
EasterEgg,195,Pass,String,https://www.instagram.com/anime_sakuga/reel/DE45XlRIe-a/,String
EasterEgg,196,Pass,String,https://www.instagram.com/anime_sakuga/reel/DE2RTTNNd3b/,String
EasterEgg,197,Pass,String,https://www.instagram.com/anime_sakuga/reel/DEz9ZyrtKJs/,String
EasterEgg,198,Pass,String,https://www.instagram.com/anime_sakuga/reel/DEsaN_4o2_H/,String
EasterEgg,199,Pass,String,https://www.instagram.com/anime_sakuga/reel/DEpZlGzIeuB/,String
EasterEgg,200,Pass,String,https://www.instagram.com/anime_sakuga/reel/DEkLcmYIOod/,String
EasterEgg,201,Pass,String,https://www.instagram.com/anime_sakuga/reel/DEhtkOLo25k/,String
EasterEgg,202,Pass,String,https://www.instagram.com/anime_sakuga/reel/DEfG0fSoEnL/,String
EasterEgg,203,Pass,String,https://www.instagram.com/anime_sakuga/reel/DEaXDFHIHJW/,String
EasterEgg,204,Pass,String,https://www.instagram.com/anime_sakuga/reel/DESQZ2Row-0/,String
EasterEgg,205,Pass,String,https://www.instagram.com/anime_sakuga/reel/DEQHx9roqtG/,String
EasterEgg,206,Pass,String,https://www.instagram.com/anime_sakuga/reel/DEH5wmTo7hy/,String
EasterEgg,207,Pass,String,https://www.instagram.com/anime_sakuga/reel/DEFunw-IKs8/,String
EasterEgg,208,Pass,String,https://www.instagram.com/anime_sakuga/reel/DEAq2u8IgmR/,String
EasterEgg,209,Pass,String,https://www.instagram.com/anime_sakuga/reel/DD2V7PMoWGX/,String
EasterEgg,210,Pass,String,https://www.instagram.com/anime_sakuga/reel/DDzTVw7In_m/,String
EasterEgg,211,Pass,String,https://www.instagram.com/anime_sakuga/reel/DDujqr1oq8j/,String
EasterEgg,212,Pass,String,https://www.instagram.com/anime_sakuga/reel/DDrjERvI_E6/,String
EasterEgg,213,Pass,String,https://www.instagram.com/anime_sakuga/reel/DDkRF7UIQQ_/,String
EasterEgg,214,Pass,String,https://www.instagram.com/anime_sakuga/reel/DDhsnZtIRat/,String
EasterEgg,215,Pass,String,https://www.instagram.com/anime_sakuga/reel/DDhQHlroBGz/,String
EasterEgg,216,Pass,String,https://www.instagram.com/anime_sakuga/reel/DDfN5MEIYv0/,String
EasterEgg,217,Pass,String,https://www.instagram.com/anime_sakuga/reel/DDck8PassIWG4/,String
EasterEgg,218,Pass,String,https://www.instagram.com/anime_sakuga/reel/DDZ1ErvoT8v/,String
EasterEgg,219,Pass,String,https://www.instagram.com/anime_sakuga/reel/DDXQSb0omyR/,String
EasterEgg,220,Pass,String,https://www.instagram.com/anime_sakuga/reel/DDM960PoOhD/,String
EasterEgg,221,Pass,String,https://www.instagram.com/anime_sakuga/reel/DDKcu39IecO/,String
EasterEgg,222,Pass,String,https://www.instagram.com/anime_sakuga/reel/DDFO_LZIQp5/,String
EasterEgg,223,Pass,String,https://www.instagram.com/anime_sakuga/reel/DC__-OYoccR/,String
EasterEgg,224,Pass,String,https://www.instagram.com/anime_sakuga/reel/DC4WovAIrTH/,String
EasterEgg,225,Pass,String,https://www.instagram.com/anime_sakuga/reel/DCzNYjwIMSU/,String
EasterEgg,226,Pass,String,https://www.instagram.com/anime_sakuga/reel/DCuDjOcPassPV/,String
EasterEgg,227,Pass,String,https://www.instagram.com/anime_sakuga/reel/DCo6DekoiIh/,String
EasterEgg,228,Pass,String,https://www.instagram.com/anime_sakuga/reel/DCmUxOWIgRk/,String
EasterEgg,229,Pass,String,https://www.instagram.com/anime_sakuga/reel/DCjw40RoCLQ/,String
EasterEgg,230,Pass,String,https://www.instagram.com/anime_sakuga/reel/DChLe-pIkD5/,String
EasterEgg,231,Pass,String,https://www.instagram.com/anime_sakuga/reel/DCcCKk6ICfn/,String
EasterEgg,232,Pass,String,https://www.instagram.com/anime_sakuga/reel/DCUSsuWNE-M/,String
EasterEgg,233,Pass,String,https://www.instagram.com/anime_sakuga/reel/DCRvEs-I-Fk/,String
EasterEgg,234,Pass,String,https://www.instagram.com/anime_sakuga/reel/DCPJ9qeoS5Z/,String
EasterEgg,235,Pass,String,https://www.instagram.com/anime_sakuga/reel/DCKATi_o6CW/,String
EasterEgg,236,Pass,String,https://www.instagram.com/anime_sakuga/reel/DCCRuRYoVwc/,String
EasterEgg,237,Pass,String,https://www.instagram.com/anime_sakuga/reel/DB_s5jkoAvV/,String
EasterEgg,238,Pass,String,https://www.instagram.com/anime_sakuga/reel/DB9IQJYICKw/,String
EasterEgg,239,Pass,String,https://www.instagram.com/anime_sakuga/reel/DB3_EDOIf3L/,String
EasterEgg,240,Pass,String,https://www.instagram.com/anime_sakuga/reel/DBwQm_8IVRb/,String
EasterEgg,241,Pass,String,https://www.instagram.com/anime_sakuga/reel/DBrHMaeINxR/,String
EasterEgg,242,Pass,String,https://www.instagram.com/anime_sakuga/reel/DBl9klkINaN/,String
EasterEgg,243,Pass,String,https://www.instagram.com/anime_sakuga/reel/DBjYi6_oTgW/,String
EasterEgg,244,Pass,String,https://www.instagram.com/anime_sakuga/reel/DBZJ5SDIGIC/,String
EasterEgg,245,Pass,String,https://www.instagram.com/anime_sakuga/reel/DBT7seUIDn5/,String
EasterEgg,246,Pass,String,https://www.instagram.com/anime_sakuga/reel/DBOykLGIYRD/,String
EasterEgg,247,Pass,String,https://www.instagram.com/anime_sakuga/reel/DBMNpY3NKBA/,String
EasterEgg,248,Pass,String,https://www.instagram.com/anime_sakuga/reel/DBHDgBMNU53/,String
EasterEgg,249,Pass,String,https://www.instagram.com/anime_sakuga/reel/DBB59jytYy8/,String
EasterEgg,250,Pass,String,https://www.instagram.com/anime_sakuga/reel/DA_Zsc3t9LV/,String
EasterEgg,251,Pass,String,https://www.instagram.com/anime_sakuga/reel/DA6NET9tCIk/,String
EasterEgg,252,Pass,String,https://www.instagram.com/anime_sakuga/reel/DA3kTVbtXcg/,String
EasterEgg,253,Pass,String,https://www.instagram.com/anime_sakuga/reel/DA09vTPt6_2/,String
EasterEgg,254,Pass,String,https://www.instagram.com/anime_sakuga/reel/DAyYj5WNGG1/,String
EasterEgg,255,Pass,String,https://www.instagram.com/anime_sakuga/reel/DAv0IUlNkUh/,String
EasterEgg,256,Pass,String,https://www.instagram.com/anime_sakuga/reel/DAPassQujt4v9/,String
EasterEgg,257,Pass,String,https://www.instagram.com/anime_sakuga/reel/DAliTZyN9Sf/,String
EasterEgg,258,Pass,String,https://www.instagram.com/anime_sakuga/reel/DAi8GqptWyp/,String
EasterEgg,259,Pass,String,https://www.instagram.com/anime_sakuga/reel/DAd5Sr7N__5/,String
EasterEgg,260,Pass,String,https://www.instagram.com/anime_sakuga/reel/DAWDrBAthvv/,String
EasterEgg,261,Pass,String,https://www.instagram.com/anime_sakuga/reel/DATfRRpNanD/,String
EasterEgg,262,Pass,String,https://www.instagram.com/anime_sakuga/reel/DAQ6WrgNIzv/,String
EasterEgg,263,Pass,String,https://www.instagram.com/anime_sakuga/reel/DAOW2eUt5iN/,String
EasterEgg,264,Pass,String,https://www.instagram.com/anime_sakuga/reel/DAL2ctwNu0C/,String
EasterEgg,265,Pass,String,https://www.instagram.com/anime_sakuga/reel/DAEIDPSt1tb/,String
EasterEgg,266,Pass,String,https://www.instagram.com/anime_sakuga/reel/DABers5tBII/,String
EasterEgg,267,Pass,String,https://www.instagram.com/anime_sakuga/reel/C_-4cPUidyh/,String
EasterEgg,268,Pass,String,https://www.instagram.com/anime_sakuga/reel/C_50OIXNSRL/,String
EasterEgg,269,Pass,String,https://www.instagram.com/anime_sakuga/reel/C_0mzIatGf-/,String
EasterEgg,270,Pass,String,https://www.instagram.com/anime_sakuga/reel/C_yA2rRtxRB/,String
EasterEgg,271,Pass,String,https://www.instagram.com/anime_sakuga/reel/C_s3JmFtrE0/,String
EasterEgg,272,Pass,String,https://www.instagram.com/nnnnnnn_417/reel/DHl8lfXyfuT/,String
EasterEgg,273,Pass,String,https://www.instagram.com/nnnnnnn_417/reel/DHlAkf4SHGC/,String
EasterEgg,274,Pass,String,https://www.instagram.com/nnnnnnn_417/reel/DHk_MD-Ss6T/,String
EasterEgg,275,Pass,String,https://www.instagram.com/nnnnnnn_417/reel/DHid8NoyNRf/,String
EasterEgg,276,Pass,String,https://www.instagram.com/nnnnnnn_417/reel/DHiaU2Byvyo/,String
EasterEgg,277,Pass,String,https://www.instagram.com/nnnnnnn_417/reel/DHgrhj2SRXW/,String
EasterEgg,278,Pass,String,https://www.instagram.com/nnnnnnn_417/reel/DHgpBzJyHFB/,String
EasterEgg,279,Pass,String,https://www.instagram.com/nnnnnnn_417/reel/DHgmdezyAJG/,String
EasterEgg,280,Pass,String,https://www.instagram.com/nnnnnnn_417/reel/DHfdkxxSqxH/,String
EasterEgg,281,Pass,String,https://www.instagram.com/nnnnnnn_417/reel/DHd6XPESa0a/,String
